"Parameter","Estimate","SE"
"CSTDEL",4.49332870103093,0.45894128361565
"KIN",4.05274167010309,0.479008474128674
"EC50",-1.56789862391753,0.761493758639623
"CSTMIN_Trialdrug",5.41600734020619,0.0778479314930435
"CST0",5.75513554639175,0.0908665778206439
"PK0",-3.61,0
"HILL",0.773327575257732,0.122380622374583
"additive error CST",5.3693101443299,0.405751177886116
