"Parameter","Estimate","SE"
"CSTDEL",4.56079341708543,0.339389511658239
"KIN",4.00771477386935,0.0269565955989808
"EC50",-1.71647036683417,0.585703751687911
"CSTMIN_Trialdrug",5.42245733668342,0.060283257742785
"CST0",5.74930733668342,0.0890083348409223
"PK0",-3.61,0
"HILL",0.786804884422111,0.0342749943802972
"additive error CST",5.48679718592965,0.12580887346104
