"Parameter","Estimate","SE"
"CSTDEL",4.57783120481928,0.354601108132469
"KIN",4.0111421686747,0.0194747798164197
"EC50",-1.69625826506024,0.610295971344374
"CSTMIN_Trialdrug",5.20178180722892,0.0522473484715144
"CST0",5.75379156626506,0.0953410886838373
"PK0",-3.61,0
"HILL",0.787213240963855,0.0316534269368052
"additive error CST",5.49354289156626,0.117140357821552
