"Parameter","Estimate","SE"
"CSTDEL",4.49509731092437,0.426889609592476
"KIN",4.12509932773109,0.538572367250551
"EC50",-1.6572423512605,0.755277464591663
"CSTMIN_Trialdrug",5.19770380252101,0.0718679621208583
"CST0",5.75614365546218,0.0899840358360654
"PK0",-3.61,0
"HILL",0.774098006302521,0.112967155821811
"additive error CST",5.37085516806723,0.410529975607876
