"Parameter","Estimate","SE"
"CSTDEL",4.46922458585859,0.35285491714531
"KIN",4.00881686868687,0.20445243764653
"EC50",-1.63840062464646,0.571243040000077
"CSTMIN_Trialdrug",5.42314042424242,0.0486335076091604
"CST0",5.75270793939394,0.0685949308967737
"PK0",-3.61,0
"HILL",0.772652317171717,0.0694253676082518
"additive error CST",5.39831763636364,0.279926542496053
