"Parameter","Estimate","SE"
"CSTDEL",4.58667703517588,0.265852607926207
"KIN",4.00939929648241,0.0144916534496441
"EC50",-1.72400862311558,0.413550166443624
"CSTMIN_Trialdrug",5.42332889447236,0.0383604375822137
"CST0",5.75705170854271,0.0656817960274334
"PK0",-3.61,0
"HILL",0.789636753768844,0.0199425678537314
"additive error CST",5.48824628140703,0.0866659383025408
