"Parameter","Estimate","SE"
"CSTDEL",4.5673969,0.276938973469829
"KIN",4.0084121,0.0131268067659026
"EC50",-1.719646185,0.409099317905241
"CSTMIN_Trialdrug",5.19769005,0.0360015120494505
"CST0",5.7564587,0.0656864418240746
"PK0",-3.61,0
"HILL",0.78946305,0.0178587031460235
"additive error CST",5.48851375,0.0882403109230497
