"Parameter","Estimate","SE"
"CSTDEL",4.46879199178645,0.349450082336219
"KIN",4.03800347022587,0.311346588419801
"EC50",-1.63930271579055,0.539510480451192
"CSTMIN_Trialdrug",5.1903518275154,0.0475284859715948
"CST0",5.75213659137577,0.0696009331559305
"PK0",-3.61,0
"HILL",0.772321217659138,0.0709635164726673
"additive error CST",5.39535431211499,0.278499120035937
