"Parameter","Estimate","SE"
"CSTDEL",4.44773139344262,0.31584972427297
"KIN",3.99939592213115,0.122515754199507
"EC50",-1.64292010430328,0.460011274860297
"CSTMIN_Trialdrug",5.42394301229508,0.0431021875810846
"CST0",5.75018549180328,0.0554845656005419
"PK0",-3.61,0
"HILL",0.769014356557377,0.0562513418305838
"additive error CST",5.42766450819672,0.228864377596902
