"Parameter","Estimate","SE"
"CSTDEL",4.5773896969697,0.189349652356754
"KIN",4.00968611111111,0.0125650993369729
"EC50",-1.73053568181818,0.341244024613176
"CSTMIN_Trialdrug",5.42083090909091,0.0352190175349011
"CST0",5.75144732323232,0.0524662909369122
"PK0",-3.61,0
"HILL",0.790690297979798,0.0151611581180095
"additive error CST",5.4905098989899,0.0679818948276321
