"Parameter","Estimate","SE"
"CSTDEL",4.56761447236181,0.199862143556169
"KIN",4.00912396984925,0.0107704272829666
"EC50",-1.73368684020101,0.356410562491107
"CSTMIN_Trialdrug",5.19519251256281,0.0315773889619637
"CST0",5.75199130653266,0.0528733032375891
"PK0",-3.61,0
"HILL",0.790498512562814,0.0136349705488228
"additive error CST",5.49056733668342,0.0677283198413152
