"Parameter","Estimate","SE"
"CSTDEL",4.48242899598394,0.286660095587456
"KIN",4.03610574297189,0.254991655117235
"EC50",-1.64475435943775,0.451062969139899
"CSTMIN_Trialdrug",5.18982608433735,0.0388603345240988
"CST0",5.75274728915663,0.05807519573656
"PK0",-3.61,0
"HILL",0.772667096385542,0.0565631553363528
"additive error CST",5.41807218875502,0.233009204046645
