"Parameter","Estimate","SE"
"CSTDEL",4.44943429718875,0.280698403956113
"KIN",3.99182664658635,0.121778832937045
"EC50",-1.63391019277108,0.41155306951655
"CSTMIN_Trialdrug",5.4249137751004,0.0349385963498105
"CST0",5.75361146586345,0.0486500335234296
"PK0",-3.61,0
"HILL",0.771882315261044,0.0486182372054852
"additive error CST",5.42585662650602,0.191163204611792
