"Parameter","Estimate","SE"
"CSTDEL",4.49039374749499,0.256211102910085
"KIN",4.01316571142285,0.126966289546358
"EC50",-1.65406295130261,0.404868200359809
"CSTMIN_Trialdrug",5.19112072144289,0.0331760021393834
"CST0",5.75331919839679,0.0482013800707158
"PK0",-3.61,0
"HILL",0.77143201002004,0.050220825553939
"additive error CST",5.42224891783567,0.189262782134355
