"Parameter","Estimate","SE"
"CSTDEL",4.5586881122449,0.169912458944667
"KIN",4.00907943877551,0.0089556746193986
"EC50",-1.7508112755102,0.285947925825675
"CSTMIN_Trialdrug",5.19333668367347,0.0259526000816269
"CST0",5.75085780612245,0.0444272871310964
"PK0",-3.61,0
"HILL",0.789713301020408,0.0123252322970234
"additive error CST",5.49122535714286,0.0554763039122942
