"Parameter","Estimate","SE"
"CSTDEL",4.57400804020101,0.164350058291079
"KIN",4.00992487437186,0.00996356001340403
"EC50",-1.73769613065327,0.291385048604255
"CSTMIN_Trialdrug",5.42337371859296,0.0311459685806928
"CST0",5.75207180904523,0.0435292195692363
"PK0",-3.68888,0
"HILL",0.789804236180905,0.0136084816329019
"additive error CST",5.49127316582915,0.0553693785255961
