"Parameter","Estimate","SE"
"CSTDEL",4.57827512562814,0.156454387023982
"KIN",4.01000376884422,0.00927625731992647
"EC50",-1.73189052261307,0.256298307311058
"CSTMIN_Trialdrug",5.42225407035176,0.0238078540647145
"CST0",5.75246155778895,0.0388596086174896
"PK0",-3.61,0
"HILL",0.789011231155779,0.0118919949098625
"additive error CST",5.49146467336683,0.0515813316375594
