"Parameter","Estimate","SE"
"CSTDEL",4.4666606,0.24821947803626
"KIN",3.99013702,0.12106735300835
"EC50",-1.654459594,0.378385472603847
"CSTMIN_Trialdrug",5.42521858,0.0309103822306177
"CST0",5.75454314,0.0437720057813283
"PK0",-3.61,0
"HILL",0.770891302,0.0462881186990375
"additive error CST",5.42874054,0.17304760967878
