"Parameter","Estimate","SE"
"CSTDEL",4.56808045,0.157779425324012
"KIN",4.00906195,0.00812746152570153
"EC50",-1.729960575,0.256425714630795
"CSTMIN_Trialdrug",5.19192845,0.0246222971650886
"CST0",5.7522846,0.0397935557122144
"PK0",-3.61,0
"HILL",0.789233595,0.0109220529238478
"additive error CST",5.4915273,0.0511808164802784
