"Parameter","Estimate","SE"
"CSTDEL",4.49381621242485,0.238289074873986
"KIN",4.00647314629258,0.0992493608201761
"EC50",-1.66756060521042,0.352550794458335
"CSTMIN_Trialdrug",5.19005631262525,0.0305866059687769
"CST0",5.75455709418838,0.0435622326865796
"PK0",-3.61,0
"HILL",0.770467128256513,0.0444253393610557
"additive error CST",5.4296525250501,0.173184037740634
